index,date,Alabama,Alaska,American Samoa,Arizona,Arkansas,Bureau of Prisons,California,Colorado,Connecticut,Delaware,Dept of Defense,District of Columbia,Federated States of Micronesia,Florida,Georgia,Guam,Hawaii,Idaho,Illinois,Indian Health Svc,Indiana,Iowa,Kansas,Kentucky,Long Term Care,Louisiana,Maine,Marshall Islands,Maryland,Massachusetts,Michigan,Minnesota,Mississippi,Missouri,Montana,Nebraska,Nevada,New Hampshire,New Jersey,New Mexico,New York,North Carolina,North Dakota,Northern Mariana Islands,Ohio,Oklahoma,Oregon,Pennsylvania,Puerto Rico,Republic of Palau,Rhode Island,South Carolina,South Dakota,Tennessee,Texas,United States,Utah,Vermont,Veterans Health,Virgin Islands,Virginia,Washington,West Virginia,Wisconsin,Wyoming
23,2021-01-12,78134.0,35838.0,2124.0,141355.0,40879.0,14663.0,816301.0,224428.0,151395.0,26410.0,139439.0,29812.0,424.0,633440.0,170571.0,3791.0,33483.0,35845.0,347005.0,68387.0,191844.0,98691.0,78268.0,132114.0,951774.0,142771.0,54945.0,639.0,146231.0,204082.0,227685.0,162240.0,54544.0,161784.0,42083.0,74439.0,61653.0,50613.0,221045.0,78235.0,579532.0,211610.0,39479.0,3722.0,311890.0,157843.0,104610.0,341948.0,74559.0,416.0,39568.0,81075.0,48698.0,251257.0,911461.0,9327138.0,95225.0,25757.0,226754.0,880.0,190607.0,195567.0,103330.0,137253.0,16467.0
24,2021-01-13,84040.0,38680.0,2577.0,154745.0,94854.0,15694.0,891489.0,239665.0,161875.0,28413.0,139993.0,33049.0,565.0,705398.0,198756.0,3791.0,36605.0,38872.0,365859.0,74462.0,211334.0,112093.0,85650.0,142436.0,1084177.0,156186.0,57248.0,649.0,178056.0,217443.0,291519.0,165355.0,61289.0,161784.0,44063.0,79699.0,61653.0,55218.0,262982.0,81855.0,632473.0,266938.0,40728.0,4141.0,329318.0,172403.0,115075.0,379944.0,84432.0,725.0,42028.0,99887.0,50712.0,264713.0,978042.0,10278462.0,104036.0,29571.0,254377.0,1195.0,217836.0,208238.0,110709.0,137253.0,17794.0
25,2021-01-14,92300.0,42596.0,2971.0,173665.0,108316.0,16118.0,975293.0,254706.0,171897.0,31090.0,179724.0,36679.0,605.0,774485.0,231305.0,3791.0,47985.0,42586.0,403666.0,81726.0,233488.0,112093.0,91565.0,155613.0,1225493.0,175811.0,61129.0,649.0,178056.0,233476.0,327235.0,179684.0,71848.0,175314.0,46620.0,84920.0,76844.0,58711.0,263422.0,89415.0,688576.0,268212.0,42774.0,4598.0,348424.0,187266.0,129796.0,410414.0,94880.0,766.0,44871.0,115855.0,54284.0,264713.0,1043624.0,11148991.0,115384.0,29571.0,284697.0,1424.0,217836.0,225238.0,118660.0,149955.0,19776.0
26,2021-01-15,100567.0,49039.0,3883.0,197086.0,118338.0,16685.0,1072959.0,272233.0,185866.0,31090.0,201485.0,39934.0,694.0,853081.0,231305.0,3791.0,46958.0,46636.0,437765.0,90245.0,260310.0,120983.0,97779.0,174748.0,1384963.0,197967.0,61129.0,658.0,194705.0,257175.0,364182.0,198253.0,84328.0,190447.0,49364.0,91195.0,83674.0,62517.0,317070.0,99305.0,757466.0,302824.0,46410.0,4909.0,375428.0,203410.0,146153.0,448151.0,104137.0,1119.0,47548.0,121836.0,57103.0,303338.0,1160242.0,12279180.0,128210.0,32470.0,317771.0,1631.0,244234.0,242606.0,134207.0,169803.0,22745.0
27,2021-01-16,100567.0,49039.0,3883.0,197086.0,118338.0,16685.0,1072959.0,272233.0,185866.0,31090.0,201485.0,39934.0,694.0,853081.0,231305.0,3791.0,46958.0,46636.0,437765.0,90245.0,260310.0,120983.0,97779.0,174748.0,1384963.0,197967.0,61129.0,658.0,194705.0,257175.0,364182.0,198253.0,84328.0,190447.0,49364.0,91195.0,83674.0,62517.0,317070.0,99305.0,757466.0,302824.0,46410.0,4909.0,375428.0,203410.0,146153.0,448151.0,104137.0,1119.0,47548.0,121836.0,57103.0,303338.0,1160242.0,12279180.0,128210.0,32470.0,317771.0,1631.0,244234.0,242606.0,134207.0,169803.0,22745.0
28,2021-01-17,100567.0,49039.0,3883.0,197086.0,118338.0,16685.0,1072959.0,272233.0,185866.0,31090.0,201485.0,39934.0,694.0,853081.0,231305.0,3791.0,46958.0,46636.0,437765.0,90245.0,260310.0,120983.0,97779.0,174748.0,1384963.0,197967.0,61129.0,658.0,194705.0,257175.0,364182.0,198253.0,84328.0,190447.0,49364.0,91195.0,83674.0,62517.0,317070.0,99305.0,757466.0,302824.0,46410.0,4909.0,375428.0,203410.0,146153.0,448151.0,104137.0,1119.0,47548.0,121836.0,57103.0,303338.0,1160242.0,12279180.0,128210.0,32470.0,317771.0,1631.0,244234.0,242606.0,134207.0,169803.0,22745.0
29,2021-01-18,100567.0,49039.0,3883.0,197086.0,118338.0,16685.0,1072959.0,272233.0,185866.0,31090.0,201485.0,39934.0,694.0,853081.0,231305.0,3791.0,46958.0,46636.0,437765.0,90245.0,260310.0,120983.0,97779.0,174748.0,1384963.0,197967.0,61129.0,658.0,194705.0,257175.0,364182.0,198253.0,84328.0,190447.0,49364.0,91195.0,83674.0,62517.0,317070.0,99305.0,757466.0,302824.0,46410.0,4909.0,375428.0,203410.0,146153.0,448151.0,104137.0,1119.0,47548.0,121836.0,57103.0,303338.0,1160242.0,12279180.0,128210.0,32470.0,317771.0,1631.0,244234.0,242606.0,134207.0,169803.0,22745.0
30,2021-01-19,130795.0,66331.0,4756.0,266276.0,142337.0,17628.0,1460430.0,330292.0,229524.0,42557.0,254778.0,49988.0,1436.0,1174685.0,312336.0,3791.0,63954.0,63975.0,525261.0,104140.0,334686.0,144955.0,118434.0,216039.0,1745441.0,255591.0,73978.0,1282.0,247597.0,318877.0,483592.0,251535.0,113572.0,236254.0,55893.0,103689.0,102840.0,71556.0,400148.0,138150.0,1000319.0,400779.0,56608.0,6372.0,472084.0,242093.0,216928.0,544416.0,129530.0,1914.0,54081.0,187175.0,61113.0,351813.0,1403989.0,15707588.0,163205.0,40581.0,416209.0,2135.0,326894.0,321200.0,152657.0,213498.0,28057.0
31,2021-01-20,139200.0,68293.0,5313.0,281887.0,173312.0,19076.0,1532329.0,340438.0,243140.0,45640.0,256867.0,51733.0,1756.0,1239975.0,397048.0,3791.0,71944.0,69267.0,539926.0,108975.0,356385.0,149850.0,122705.0,223946.0,1908256.0,264400.0,76167.0,1514.0,258146.0,330490.0,508607.0,252548.0,122586.0,244476.0,57220.0,106283.0,107133.0,75418.0,432220.0,143302.0,1046490.0,427480.0,57657.0,6791.0,487481.0,251684.0,216928.0,568660.0,136630.0,1981.0,56617.0,192608.0,62518.0,358534.0,1471746.0,16525281.0,181792.0,40814.0,432569.0,2418.0,343366.0,346765.0,158621.0,222492.0,29309.0
32,2021-01-21,165919.0,71907.0,5664.0,303899.0,173312.0,20838.0,1633875.0,353194.0,264707.0,49369.0,274473.0,55108.0,2087.0,1239975.0,453862.0,3791.0,79414.0,73372.0,570527.0,117297.0,387137.0,158743.0,130434.0,235143.0,2089181.0,279398.0,80502.0,1991.0,271905.0,353117.0,548844.0,259417.0,136691.0,265382.0,60389.0,111841.0,115991.0,80639.0,432220.0,152465.0,1116441.0,473282.0,59245.0,7309.0,487481.0,267434.0,216928.0,605428.0,147795.0,2405.0,59014.0,209631.0,65377.0,375669.0,1544551.0,17546374.0,189578.0,42835.0,527258.0,2744.0,362092.0,373423.0,167548.0,238758.0,29309.0
33,2021-01-22,199314.0,81096.0,6569.0,329349.0,201676.0,21315.0,1803679.0,377283.0,287440.0,54257.0,292490.0,56864.0,2514.0,1314377.0,603486.0,3791.0,84793.0,77988.0,607502.0,123534.0,414127.0,170607.0,137094.0,254144.0,2289284.0,297655.0,86395.0,2438.0,287512.0,370627.0,595454.0,278234.0,150524.0,285697.0,66348.0,118450.0,126458.0,85595.0,464363.0,162045.0,1203994.0,524914.0,64105.0,7720.0,545499.0,287502.0,253705.0,652886.0,161528.0,2405.0,61974.0,229002.0,70643.0,401595.0,1644781.0,19107959.0,202729.0,46447.0,579663.0,3070.0,401448.0,403135.0,180762.0,260821.0,34547.0
34,2021-01-23,221540.0,88344.0,6831.0,360958.0,201676.0,23345.0,2008220.0,377283.0,306796.0,60023.0,311567.0,59793.0,2752.0,1489003.0,604067.0,3791.0,84792.0,82640.0,654752.0,143678.0,446029.0,180110.0,144909.0,270960.0,2437670.0,315023.0,93003.0,2873.0,307411.0,392967.0,652661.0,305297.0,150524.0,291723.0,72544.0,124069.0,137031.0,89816.0,500889.0,184698.0,1282515.0,577007.0,68999.0,8039.0,594924.0,304806.0,270463.0,695870.0,173242.0,2685.0,63249.0,249155.0,77200.0,424152.0,1727869.0,20537990.0,202729.0,49426.0,623590.0,3355.0,429297.0,436997.0,194844.0,285630.0,37559.0
35,2021-01-24,243737.0,94257.0,8046.0,390623.0,214240.0,24082.0,2199908.0,434496.0,321737.0,64186.0,336450.0,62391.0,2752.0,1544794.0,604067.0,3791.0,84792.0,87128.0,699072.0,153784.0,446029.0,191183.0,151249.0,299493.0,2567018.0,334086.0,99815.0,3098.0,338544.0,419806.0,695273.0,321180.0,177636.0,317737.0,76590.0,132846.0,152203.0,93338.0,535625.0,200141.0,1365404.0,636439.0,73175.0,8390.0,647104.0,322810.0,285922.0,744591.0,184173.0,3046.0,67566.0,278795.0,80441.0,452042.0,1763299.0,21848655.0,202729.0,51872.0,664245.0,3378.0,451668.0,449385.0,202883.0,308290.0,40803.0
36,2021-01-25,250612.0,97031.0,8046.0,413662.0,221095.0,24360.0,2330633.0,447880.0,331264.0,66914.0,346180.0,64194.0,2758.0,1544794.0,604067.0,3791.0,92092.0,91271.0,723203.0,155529.0,491856.0,196203.0,154719.0,307462.0,2714487.0,341447.0,104069.0,3098.0,350835.0,433615.0,727437.0,346864.0,180960.0,335695.0,77356.0,134033.0,159869.0,94623.0,563141.0,204670.0,1418313.0,676037.0,75242.0,8495.0,685622.0,326546.0,300676.0,776799.0,187617.0,3046.0,70419.0,307348.0,82512.0,462646.0,1804006.0,22734243.0,229007.0,53624.0,702779.0,3399.0,482973.0,488785.0,203992.0,315876.0,41156.0
37,2021-01-26,254959.0,98149.0,8315.0,430892.0,236290.0,25513.0,2446577.0,457746.0,342643.0,68507.0,346180.0,64748.0,2977.0,1575490.0,668589.0,17306.0,93760.0,93766.0,737989.0,158282.0,498824.0,197982.0,158743.0,312192.0,2725830.0,345675.0,104924.0,3284.0,365519.0,442703.0,742270.0,360442.0,182013.0,340273.0,77748.0,135131.0,164362.0,97002.0,575733.0,210136.0,1453972.0,699722.0,75457.0,8738.0,708026.0,328874.0,308066.0,800354.0,188681.0,3046.0,72264.0,317211.0,82823.0,467933.0,1917896.0,23540994.0,230418.0,54416.0,703351.0,3747.0,594828.0,507610.0,210492.0,318096.0,41339.0
38,2021-01-27,266444.0,101597.0,9085.0,458258.0,252824.0,27326.0,2579666.0,474527.0,360991.0,77449.0,366010.0,68086.0,3241.0,1632491.0,712866.0,18263.0,97692.0,96991.0,766659.0,165764.0,524180.0,204196.0,168392.0,323268.0,2904840.0,358746.0,109183.0,3538.0,389253.0,464275.0,772031.0,375395.0,190239.0,358150.0,81169.0,139573.0,174367.0,103080.0,611862.0,217075.0,1518697.0,716748.0,77230.0,9026.0,746249.0,345144.0,325488.0,851980.0,199762.0,3046.0,76284.0,326985.0,86986.0,487632.0,1974374.0,24652634.0,239807.0,55377.0,746109.0,4174.0,629019.0,534445.0,214926.0,335519.0,43425.0
39,2021-01-28,278993.0,105858.0,9085.0,487149.0,252824.0,28514.0,2746876.0,495706.0,381160.0,82289.0,389927.0,70839.0,3502.0,1707251.0,764211.0,19520.0,103944.0,102800.0,823325.0,180226.0,552144.0,212497.0,190301.0,342200.0,3102134.0,375895.0,115191.0,3755.0,412206.0,490332.0,814416.0,403640.0,201247.0,382552.0,86213.0,150019.0,194942.0,110451.0,648215.0,224692.0,1630504.0,849801.0,80051.0,9251.0,789869.0,363253.0,340383.0,856371.0,212179.0,3067.0,80138.0,359949.0,91776.0,510050.0,2107005.0,26193682.0,239807.0,58871.0,792348.0,4620.0,668401.0,571135.0,224604.0,361917.0,43425.0
40,2021-01-29,300915.0,110396.0,9925.0,521097.0,269993.0,29754.0,2910562.0,521879.0,403370.0,87300.0,415720.0,73328.0,3965.0,1796246.0,810291.0,21254.0,111165.0,108873.0,884502.0,191109.0,581322.0,224347.0,190540.0,366643.0,3314266.0,398312.0,123207.0,3928.0,442565.0,520504.0,866663.0,440350.0,212748.0,408441.0,92589.0,158370.0,210185.0,117408.0,727426.0,238755.0,1703218.0,851223.0,86175.0,9548.0,843099.0,386688.0,359391.0,972742.0,224303.0,3089.0,83607.0,385158.0,97231.0,545921.0,2219867.0,27884661.0,271127.0,61737.0,841497.0,5256.0,724768.0,607071.0,239963.0,406869.0,49166.0
41,2021-01-30,342436.0,115268.0,9925.0,557369.0,288651.0,30945.0,3095781.0,545356.0,421191.0,92509.0,449958.0,76672.0,3965.0,1890198.0,856746.0,22454.0,120502.0,114729.0,948804.0,194962.0,607185.0,237874.0,206520.0,386001.0,3505431.0,420908.0,132067.0,3992.0,475780.0,547082.0,922423.0,485850.0,222487.0,408441.0,99272.0,167276.0,224192.0,123740.0,768944.0,248321.0,1791935.0,898736.0,91585.0,9733.0,911004.0,410305.0,382392.0,1032426.0,236060.0,3110.0,88094.0,407860.0,102847.0,574142.0,2340658.0,29577902.0,286501.0,63777.0,888305.0,5967.0,785920.0,643951.0,256401.0,450251.0,49166.0
42,2021-01-31,353974.0,119590.0,9925.0,594104.0,303793.0,31285.0,3285351.0,569234.0,436842.0,99954.0,481172.0,80526.0,3965.0,1959626.0,906186.0,22454.0,129267.0,120880.0,1011454.0,209747.0,607185.0,252202.0,221469.0,404705.0,3683718.0,443715.0,140353.0,4127.0,505454.0,579181.0,977030.0,518744.0,236401.0,444384.0,104525.0,177711.0,241078.0,128313.0,795440.0,264147.0,1875462.0,951657.0,97915.0,10050.0,954013.0,437985.0,407890.0,1088172.0,249394.0,3110.0,91177.0,439541.0,105961.0,609213.0,2408879.0,31123299.0,286501.0,67180.0,932278.0,6008.0,833221.0,684344.0,259774.0,491058.0,57023.0
43,2021-02-01,358280.0,122020.0,10761.0,620608.0,311230.0,31285.0,3453284.0,589787.0,449253.0,102697.0,485125.0,82519.0,5110.0,2005378.0,930517.0,23445.0,135836.0,124377.0,1054814.0,210664.0,607185.0,257468.0,226895.0,415545.0,3748779.0,463179.0,145786.0,4127.0,528301.0,608947.0,1005544.0,546330.0,238859.0,462202.0,106145.0,180917.0,248754.0,130515.0,810293.0,275224.0,1927665.0,975743.0,99481.0,10148.0,1004624.0,443581.0,423627.0,1134185.0,253439.0,3110.0,94240.0,462751.0,107685.0,627911.0,2496232.0,32222402.0,323030.0,72428.0,963346.0,6116.0,870820.0,720603.0,260325.0,513385.0,58721.0
44,2021-02-02,371882.0,123443.0,10761.0,631662.0,314470.0,32349.0,3543817.0,601347.0,456090.0,103770.0,490377.0,83553.0,5726.0,2048143.0,940066.0,24810.0,137914.0,126648.0,1073076.0,214183.0,612289.0,259522.0,231201.0,419562.0,3851460.0,476014.0,145786.0,4258.0,537037.0,625477.0,1015483.0,552701.0,240125.0,466406.0,107324.0,182412.0,253174.0,135799.0,836584.0,277617.0,1966446.0,976153.0,99990.0,10407.0,1045139.0,445675.0,438302.0,1155945.0,253439.0,3172.0,99541.0,470696.0,108004.0,631885.0,2496232.0,32780860.0,324636.0,74021.0,973371.0,6709.0,901213.0,741769.0,264205.0,522034.0,59018.0
45,2021-02-03,388339.0,125765.0,11066.0,656040.0,322447.0,34255.0,3671316.0,617125.0,465008.0,107544.0,508965.0,85065.0,6254.0,2133168.0,975038.0,26068.0,143686.0,132384.0,1108571.0,224095.0,637745.0,266777.0,241156.0,435400.0,4022407.0,488960.0,145786.0,4258.0,546409.0,625477.0,1042268.0,552701.0,250905.0,482112.0,110374.0,188285.0,279471.0,138271.0,851721.0,284830.0,2003170.0,1026683.0,103572.0,10655.0,1085391.0,462440.0,454269.0,1158091.0,266671.0,3228.0,101474.0,479202.0,110967.0,657819.0,2652896.0,33878254.0,324636.0,74718.0,1013974.0,7387.0,922940.0,765954.0,268065.0,548172.0,60775.0
46,2021-02-04,408428.0,129936.0,11257.0,686116.0,338227.0,36195.0,3723803.0,638923.0,481826.0,110784.0,530849.0,94095.0,6699.0,2223754.0,1008040.0,26068.0,151107.0,141897.0,1178369.0,238594.0,671191.0,279252.0,251425.0,455783.0,4210027.0,509982.0,153439.0,4424.0,565821.0,652929.0,1078808.0,634453.0,250905.0,505207.0,116148.0,195126.0,291601.0,145086.0,851721.0,294566.0,2060301.0,1063474.0,106900.0,10966.0,1128082.0,484384.0,471983.0,1218735.0,278321.0,3228.0,103876.0,497433.0,115676.0,684242.0,2805359.0,35203710.0,353469.0,77198.0,1026173.0,8212.0,949066.0,797358.0,276753.0,548912.0,60775.0
47,2021-02-05,430597.0,134002.0,12029.0,719458.0,351175.0,38164.0,3920632.0,661703.0,502347.0,114226.0,559379.0,98862.0,7005.0,2260744.0,1051622.0,27369.0,169713.0,159394.0,1247521.0,244323.0,710888.0,293377.0,263624.0,483777.0,4419633.0,536404.0,159236.0,4553.0,594647.0,685074.0,1134175.0,634453.0,275884.0,536188.0,122536.0,204136.0,304323.0,153145.0,884736.0,306945.0,2132305.0,1110074.0,112827.0,11332.0,1177237.0,510693.0,487153.0,1271529.0,288024.0,3360.0,106949.0,518892.0,121593.0,718487.0,2930767.0,36819212.0,376495.0,80054.0,1078011.0,8884.0,993848.0,827944.0,291819.0,595152.0,67417.0
48,2021-02-06,455173.0,139147.0,12259.0,766788.0,374674.0,39616.0,4137600.0,694860.0,519400.0,118475.0,588731.0,102031.0,7335.0,2385839.0,1098863.0,28959.0,179059.0,176220.0,1329963.0,276062.0,749771.0,308527.0,280252.0,517168.0,4628962.0,570731.0,168626.0,4740.0,626838.0,727120.0,1193181.0,703366.0,300464.0,583949.0,130883.0,218405.0,322252.0,161178.0,1041289.0,322611.0,2225316.0,1171240.0,120742.0,11697.0,1242487.0,541252.0,509875.0,1338491.0,299694.0,3360.0,111830.0,542879.0,127592.0,752298.0,3107936.0,39037964.0,400285.0,82992.0,1130808.0,9466.0,1052577.0,867773.0,314870.0,638241.0,71858.0
49,2021-02-07,462332.0,146082.0,12259.0,809230.0,393445.0,40333.0,4485166.0,729895.0,533941.0,123428.0,621487.0,105819.0,7415.0,2607527.0,1146024.0,29572.0,187048.0,185681.0,1401585.0,282039.0,749771.0,328412.0,296284.0,548342.0,4839144.0,599941.0,178449.0,4907.0,665025.0,780268.0,1251940.0,729088.0,321032.0,625152.0,137765.0,230874.0,334073.0,165887.0,1074805.0,331793.0,2336867.0,1242541.0,126822.0,11889.0,1293965.0,573746.0,532746.0,1407839.0,299694.0,3467.0,117067.0,568917.0,131439.0,791023.0,3246638.0,41210937.0,400285.0,87180.0,1220300.0,9477.0,1103370.0,905118.0,322046.0,742527.0,71858.0
50,2021-02-08,467636.0,150934.0,12259.0,841018.0,401664.0,40333.0,4682862.0,751960.0,542414.0,126650.0,632927.0,108475.0,7449.0,2607527.0,1167738.0,29719.0,194035.0,195591.0,1457693.0,291338.0,749771.0,345350.0,303094.0,564682.0,4946483.0,614041.0,178449.0,4907.0,683305.0,806376.0,1282375.0,745290.0,327429.0,643439.0,139273.0,234061.0,346685.0,166603.0,1094886.0,342786.0,2418074.0,1274361.0,129780.0,11915.0,1346320.0,586054.0,554440.0,1441358.0,299694.0,3467.0,120484.0,585692.0,133068.0,805720.0,3322062.0,42417617.0,506629.0,90328.0,1258957.0,9529.0,1135639.0,937926.0,323387.0,763252.0,76457.0
51,2021-02-09,490969.0,152874.0,12680.0,863807.0,404127.0,41040.0,4784478.0,757560.0,554322.0,127523.0,637359.0,108475.0,7725.0,2731300.0,1179950.0,30923.0,194035.0,198826.0,1477780.0,297375.0,761070.0,351803.0,305574.0,568658.0,5015224.0,619729.0,187512.0,5145.0,692965.0,832242.0,1309883.0,745290.0,329079.0,646863.0,140124.0,235298.0,351531.0,168727.0,1096789.0,346064.0,2441693.0,1287493.0,129780.0,12264.0,1373728.0,588207.0,572695.0,1478180.0,314047.0,3468.0,122079.0,585692.0,133231.0,812079.0,3436180.0,43206190.0,510267.0,93037.0,1268553.0,10064.0,1161590.0,951204.0,327414.0,769314.0,76457.0
52,2021-02-10,515802.0,156255.0,13318.0,897757.0,418054.0,42751.0,4957297.0,787041.0,574750.0,130116.0,657414.0,108475.0,8017.0,2835535.0,1223850.0,32443.0,194035.0,205379.0,1539781.0,306717.0,795702.0,368759.0,319662.0,584947.0,5176499.0,639019.0,193246.0,5260.0,721159.0,883945.0,1358924.0,745290.0,345507.0,669658.0,144343.0,241067.0,366333.0,176192.0,1148733.0,354627.0,2535824.0,1336079.0,130019.0,12530.0,1406437.0,606406.0,589035.0,1538058.0,324368.0,3527.0,124962.0,608062.0,136438.0,839686.0,3568618.0,44769970.0,510267.0,93862.0,1322833.0,10718.0,1187340.0,1008946.0,332577.0,796703.0,79515.0
53,2021-02-11,543237.0,162273.0,13513.0,941575.0,430803.0,44177.0,5134864.0,815108.0,600249.0,133370.0,679431.0,111720.0,8365.0,2957730.0,1273015.0,33993.0,200618.0,214063.0,1604830.0,325336.0,832031.0,387370.0,332923.0,608198.0,5348775.0,639019.0,193246.0,5433.0,745478.0,924612.0,1412047.0,754262.0,365400.0,694992.0,149339.0,247879.0,379077.0,184103.0,1196677.0,369864.0,2620734.0,1382652.0,133616.0,12728.0,1459174.0,628361.0,589035.0,1594474.0,336959.0,3831.0,127931.0,628496.0,141733.0,866352.0,3708460.0,46390270.0,510267.0,96908.0,1377358.0,11168.0,1223199.0,1040044.0,340780.0,826275.0,79515.0
54,2021-02-12,571115.0,167436.0,15032.0,990296.0,447146.0,45617.0,5341104.0,844620.0,626678.0,136591.0,701736.0,114110.0,8751.0,3216044.0,1273015.0,35917.0,208807.0,214063.0,1674988.0,346969.0,873568.0,408578.0,350741.0,636518.0,5507785.0,701110.0,193246.0,5609.0,778790.0,962711.0,1465627.0,787006.0,386333.0,717483.0,157695.0,259906.0,394172.0,191114.0,1252742.0,388806.0,2712546.0,1447413.0,139392.0,12971.0,1540491.0,640353.0,589035.0,1668862.0,336959.0,3871.0,131913.0,649375.0,148670.0,901616.0,3873581.0,48410558.0,510267.0,100036.0,1439337.0,11691.0,1274838.0,1080510.0,351427.0,864476.0,89138.0
55,2021-02-13,601159.0,175138.0,15382.0,1041021.0,457386.0,46926.0,5562553.0,885581.0,654766.0,142103.0,726338.0,116261.0,9230.0,3351430.0,1328795.0,37750.0,217780.0,221585.0,1772568.0,362802.0,1018783.0,432473.0,367891.0,649810.0,5667091.0,735622.0,193246.0,5730.0,812231.0,1009560.0,1537856.0,831483.0,407723.0,806902.0,167360.0,273950.0,411057.0,200675.0,1309703.0,399911.0,2821335.0,1523425.0,144179.0,13394.0,1613153.0,660835.0,650929.0,1678229.0,370837.0,4212.0,136904.0,674843.0,155026.0,926787.0,4007986.0,50641884.0,510267.0,102716.0,1502661.0,12182.0,1330305.0,1121779.0,376113.0,916129.0,89138.0
56,2021-02-14,612254.0,183831.0,15382.0,1089155.0,472536.0,47564.0,5820388.0,926807.0,674704.0,146437.0,751746.0,121313.0,9415.0,3467856.0,1437718.0,38622.0,225188.0,242295.0,1854228.0,378614.0,1058874.0,456512.0,389983.0,678768.0,5822871.0,769155.0,193246.0,5938.0,850994.0,1085584.0,1604973.0,870743.0,427198.0,848026.0,176810.0,285708.0,428423.0,208541.0,1349327.0,419882.0,2925186.0,1617435.0,148916.0,13754.0,1691925.0,682354.0,671315.0,1822327.0,382721.0,4321.0,141155.0,704186.0,160223.0,967085.0,4133747.0,52884356.0,510267.0,106787.0,1600830.0,12288.0,1355231.0,1166471.0,386583.0,955412.0,99099.0
57,2021-02-15,612254.0,183831.0,15382.0,1089155.0,472536.0,47564.0,5820388.0,926807.0,674704.0,146437.0,751746.0,121313.0,9415.0,3467856.0,1437718.0,38622.0,225188.0,242295.0,1854228.0,378614.0,1058874.0,456512.0,389983.0,678768.0,5822871.0,769155.0,193246.0,5938.0,850994.0,1085584.0,1604973.0,870743.0,427198.0,848026.0,176810.0,285708.0,428423.0,208541.0,1349327.0,419882.0,2925186.0,1617435.0,148916.0,13754.0,1691925.0,682354.0,671315.0,1822327.0,382721.0,4321.0,141155.0,704186.0,160223.0,967085.0,4133747.0,52884356.0,510267.0,106787.0,1600830.0,12288.0,1355231.0,1166471.0,386583.0,955412.0,99099.0
58,2021-02-16,636682.0,191008.0,16109.0,1154583.0,483438.0,48090.0,6210992.0,1000597.0,711142.0,152387.0,754935.0,126500.0,9980.0,3598996.0,1473440.0,39504.0,237172.0,263625.0,1954382.0,385284.0,1091762.0,485710.0,397247.0,711588.0,5968542.0,784976.0,238137.0,6455.0,887943.0,1146860.0,1657007.0,908875.0,438364.0,878941.0,181665.0,290626.0,446800.0,216649.0,1427336.0,443359.0,3110432.0,1684845.0,153427.0,14419.0,1794982.0,694616.0,685214.0,1832629.0,387180.0,4677.0,147019.0,738476.0,162885.0,992988.0,4256383.0,55220364.0,532635.0,114986.0,1692702.0,12418.0,1431501.0,1201284.0,393643.0,991691.0,100186.0
59,2021-02-17,650020.0,193617.0,16269.0,1164900.0,486949.0,48614.0,6323011.0,1024167.0,738191.0,155111.0,759117.0,128460.0,10603.0,3702569.0,1473440.0,41007.0,240715.0,270169.0,1996099.0,390833.0,1113413.0,495487.0,405166.0,719857.0,6070341.0,791574.0,242445.0,6458.0,903172.0,1170398.0,1680901.0,925182.0,438364.0,892006.0,184579.0,294904.0,453012.0,218316.0,1480413.0,447379.0,3178252.0,1734825.0,154087.0,14743.0,1825178.0,696437.0,692781.0,1950185.0,392136.0,5011.0,151436.0,755422.0,165865.0,999517.0,4312301.0,56281827.0,532635.0,115964.0,1720294.0,13162.0,1460103.0,1225920.0,396009.0,1012491.0,100186.0
60,2021-02-18,672038.0,199151.0,16269.0,1202770.0,490737.0,49050.0,6496140.0,1053041.0,767183.0,159845.0,791494.0,130437.0,11119.0,3819224.0,1569216.0,42671.0,247392.0,278474.0,2037388.0,401516.0,1125976.0,507650.0,417825.0,726168.0,6181996.0,795511.0,242445.0,6760.0,930567.0,1214821.0,1718790.0,957275.0,438364.0,915475.0,190070.0,305057.0,466981.0,226863.0,1542174.0,456034.0,3253874.0,1782267.0,156751.0,15112.0,1861434.0,700440.0,708570.0,2002786.0,408058.0,5314.0,159931.0,778113.0,171175.0,1014351.0,4333726.0,57737767.0,551742.0,118184.0,1773677.0,13648.0,1503786.0,1255764.0,403532.0,1040145.0,105426.0
61,2021-02-19,739132.0,216223.0,16269.0,1376405.0,517271.0,49913.0,6964603.0,1132448.0,822615.0,175305.0,810065.0,157111.0,11590.0,4198451.0,1720789.0,46897.0,301369.0,304647.0,2174539.0,407039.0,1194094.0,552706.0,466718.0,779109.0,6289188.0,859565.0,268162.0,7417.0,1011323.0,1316402.0,1833886.0,1051784.0,474304.0,1014248.0,221225.0,347754.0,522332.0,241386.0,1604448.0,562580.0,3447521.0,1959215.0,182325.0,15525.0,1999736.0,813518.0,767637.0,2184973.0,448755.0,5727.0,181725.0,848054.0,218198.0,1083579.0,4542622.0,59585043.0,584648.0,127619.0,1815046.0,14851.0,1645485.0,1362197.0,440614.0,1137395.0,124310.0
62,2021-02-20,776936.0,227403.0,17740.0,1425295.0,520904.0,51072.0,7201713.0,1167895.0,847820.0,180600.0,830843.0,159640.0,11590.0,4205898.0,1786755.0,48387.0,312730.0,313466.0,2261482.0,412073.0,1234416.0,577374.0,488738.0,796952.0,6399010.0,877683.0,268322.0,7733.0,1054467.0,1375439.0,1884038.0,1097316.0,481424.0,1042872.0,228890.0,360582.0,555742.0,250296.0,1648599.0,578916.0,3535997.0,2008811.0,188496.0,15525.0,2066995.0,830903.0,794779.0,2231800.0,463527.0,6025.0,190896.0,879776.0,225848.0,1097826.0,4614697.0,61289500.0,610074.0,132112.0,1862965.0,15826.0,1671217.0,1407229.0,458087.0,1188631.0,129060.0
63,2021-02-21,788613.0,235141.0,18778.0,1469676.0,528467.0,52266.0,7453468.0,1202161.0,860534.0,180940.0,854728.0,162674.0,12196.0,4387051.0,1850856.0,48479.0,322966.0,326336.0,2339546.0,426034.0,1269839.0,599489.0,509332.0,824007.0,6519848.0,894519.0,268693.0,8716.0,1087762.0,1426512.0,1933648.0,1136840.0,491117.0,1083721.0,237099.0,372655.0,569810.0,260809.0,1689031.0,595951.0,3621973.0,2068505.0,194406.0,15922.0,2140688.0,865961.0,821720.0,2306828.0,476475.0,6314.0,198626.0,910669.0,232725.0,1117120.0,4673868.0,63090634.0,610580.0,137144.0,1911289.0,16123.0,1705294.0,1444507.0,463513.0,1230619.0,129470.0
64,2021-02-22,793614.0,238279.0,18816.0,1506572.0,535413.0,52347.0,7604725.0,1231699.0,882777.0,183901.0,865896.0,164207.0,12196.0,4390626.0,1873683.0,49587.0,331321.0,336243.0,2354395.0,441876.0,1292340.0,611188.0,514728.0,839508.0,6579236.0,903226.0,297116.0,8926.0,1111529.0,1468992.0,1972201.0,1138309.0,499055.0,1103908.0,240814.0,380648.0,586518.0,267893.0,1711610.0,604732.0,3711664.0,2105120.0,196365.0,16091.0,2196607.0,891227.0,844210.0,2358058.0,476647.0,6314.0,206034.0,932588.0,235964.0,1130834.0,4711180.0,64177474.0,610874.0,141436.0,1957142.0,16187.0,1735451.0,1479352.0,465593.0,1252322.0,135635.0
65,2021-02-23,815108.0,239927.0,18816.0,1525794.0,540192.0,52743.0,7728120.0,1233466.0,892882.0,186619.0,868322.0,166724.0,12196.0,4406005.0,1880429.0,50500.0,333599.0,340444.0,2416034.0,455371.0,1298877.0,614928.0,517379.0,851440.0,6627820.0,907334.0,299427.0,9462.0,1132483.0,1500077.0,1985511.0,1170259.0,505655.0,1110913.0,243015.0,392756.0,598423.0,274267.0,1759059.0,612496.0,3772702.0,2118218.0,196576.0,16382.0,2228732.0,906583.0,864960.0,2381079.0,480439.0,7073.0,211660.0,941136.0,237230.0,1139836.0,4800286.0,65032083.0,611048.0,144085.0,2002806.0,16893.0,1765927.0,1493572.0,470643.0,1259647.0,136163.0
66,2021-02-24,839703.0,243650.0,19739.0,1555942.0,554466.0,53728.0,7876011.0,1268302.0,912033.0,189836.0,887011.0,170343.0,12999.0,4502702.0,1919262.0,51514.0,339771.0,346534.0,2461385.0,468627.0,1361053.0,621717.0,530904.0,874840.0,6724310.0,920794.0,305362.0,9995.0,1159983.0,1533534.0,2044496.0,1189101.0,525462.0,1137233.0,246626.0,405896.0,606821.0,282235.0,1803596.0,618666.0,3821059.0,2164489.0,199813.0,17074.0,2288128.0,935457.0,865750.0,2425429.0,495114.0,7073.0,218499.0,973703.0,242710.0,1175995.0,4923960.0,66464947.0,629173.0,144970.0,2035752.0,17447.0,1803505.0,1514416.0,474477.0,1282723.0,136366.0
67,2021-02-25,864757.0,249559.0,19739.0,1607544.0,572553.0,55100.0,8064121.0,1294236.0,925946.0,195534.0,907189.0,173030.0,13320.0,4605201.0,1961849.0,52661.0,348897.0,356987.0,2519447.0,488731.0,1459296.0,631160.0,542433.0,907836.0,6817460.0,943419.0,305397.0,10360.0,1199143.0,1576657.0,2103114.0,1218799.0,525981.0,1167787.0,252295.0,422419.0,622189.0,291248.0,1866378.0,634845.0,3879303.0,2210412.0,203911.0,17473.0,2351582.0,967522.0,889531.0,2489919.0,510041.0,8111.0,226694.0,997874.0,250216.0,1210159.0,5107257.0,68274117.0,662012.0,147828.0,2077586.0,17778.0,1848774.0,1562425.0,485535.0,1314188.0,141545.0
68,2021-02-26,893859.0,254334.0,20336.0,1671294.0,597990.0,57396.0,8310945.0,1323183.0,954153.0,203745.0,928797.0,176044.0,13819.0,4704530.0,2013769.0,52701.0,359108.0,367113.0,2639826.0,516471.0,1505040.0,654074.0,560776.0,945168.0,6933071.0,978234.0,305477.0,10745.0,1239644.0,1625459.0,2165950.0,1261762.0,567276.0,1213449.0,260990.0,442310.0,642562.0,299874.0,1943116.0,657118.0,3955191.0,2284698.0,212625.0,17819.0,2413164.0,1006064.0,927860.0,2562627.0,536377.0,8143.0,234889.0,1025316.0,259553.0,1257333.0,5273077.0,70454064.0,662575.0,151538.0,2118065.0,18684.0,1922788.0,1609190.0,501913.0,1359943.0,145577.0
69,2021-02-27,931090.0,259538.0,20338.0,1728239.0,622665.0,59234.0,8566470.0,1324715.0,980211.0,212739.0,957910.0,184748.0,14317.0,4822353.0,2070076.0,54244.0,370746.0,378401.0,2735250.0,537180.0,1551945.0,684596.0,583498.0,980727.0,7043540.0,1019381.0,332358.0,10745.0,1280675.0,1684341.0,2245696.0,1322288.0,593453.0,1278087.0,271075.0,443974.0,665577.0,310769.0,2008524.0,678087.0,4060431.0,2366027.0,225330.0,18121.0,2501854.0,1046995.0,960674.0,2676006.0,538085.0,8143.0,245606.0,1057969.0,269289.0,1301529.0,5394961.0,72806180.0,687876.0,156929.0,2238548.0,19118.0,2002734.0,1666839.0,526059.0,1421435.0,151584.0
70,2021-02-28,942502.0,264741.0,20338.0,1792447.0,649311.0,60283.0,8821044.0,1371577.0,1004467.0,219312.0,992748.0,194746.0,14715.0,5044420.0,2072451.0,55213.0,382798.0,392370.0,2824209.0,553652.0,1590344.0,713054.0,609765.0,1020045.0,7112537.0,1056975.0,332999.0,11197.0,1325977.0,1735916.0,2318415.0,1393985.0,619251.0,1279404.0,281422.0,474439.0,685692.0,321602.0,2065666.0,705538.0,4225250.0,2467755.0,234209.0,18363.0,2599806.0,1095362.0,994403.0,2751844.0,549615.0,8185.0,256755.0,1086550.0,278285.0,1359382.0,5566612.0,75236003.0,688505.0,162558.0,2303674.0,19369.0,2086194.0,1729208.0,532295.0,1470570.0,156397.0
71,2021-03-01,948393.0,268406.0,20338.0,1849259.0,661572.0,60283.0,9106077.0,1412910.0,1031305.0,225374.0,995054.0,198047.0,15022.0,5047960.0,2072628.0,55255.0,389644.0,404250.0,2906555.0,569259.0,1615149.0,734845.0,620939.0,1046835.0,7154531.0,1076576.0,334009.0,11197.0,1364145.0,1803528.0,2357259.0,1429631.0,637116.0,1375027.0,284679.0,476315.0,715121.0,324806.0,2096498.0,711612.0,4355544.0,2525579.0,238585.0,18583.0,2660844.0,1119049.0,1024055.0,2835338.0,554664.0,8185.0,269512.0,1116811.0,282075.0,1394659.0,5572496.0,76899987.0,688506.0,168050.0,2356446.0,19470.0,2136926.0,1800030.0,534053.0,1500923.0,156741.0
72,2021-03-02,972161.0,269941.0,21079.0,1889742.0,670815.0,61002.0,9497125.0,1428854.0,1040154.0,225417.0,996120.0,199212.0,15705.0,5077891.0,2085047.0,55402.0,392771.0,409641.0,2958947.0,577710.0,1624577.0,740713.0,629548.0,1061236.0,7178616.0,1084499.0,334325.0,11351.0,1390370.0,1837816.0,2389534.0,1443875.0,646440.0,1384067.0,286163.0,484888.0,723182.0,330538.0,2187330.0,721489.0,4495821.0,2545103.0,238848.0,18894.0,2723208.0,1124662.0,1038342.0,2886451.0,554694.0,8185.0,275799.0,1123049.0,282575.0,1405604.0,5956629.0,78631601.0,722301.0,171557.0,2372611.0,19736.0,2171427.0,1841160.0,536534.0,1521200.0,156776.0
73,2021-03-03,1000031.0,273350.0,21079.0,1930999.0,687433.0,62745.0,9731169.0,1462053.0,1061375.0,237669.0,1017839.0,202090.0,16189.0,5167346.0,2133517.0,55435.0,399195.0,418956.0,3022385.0,588253.0,1657664.0,753860.0,644921.0,1082228.0,7218655.0,1107626.0,334449.0,11351.0,1454494.0,1884139.0,2423899.0,1477533.0,665772.0,1415806.0,291572.0,497106.0,733953.0,339484.0,2249861.0,735930.0,4607571.0,2606912.0,241181.0,19225.0,2790056.0,1147833.0,1050060.0,2948581.0,568025.0,8185.0,282767.0,1150199.0,287657.0,1455498.0,6191550.0,80540474.0,745913.0,173179.0,2420189.0,20149.0,2220648.0,1888198.0,541453.0,1553270.0,162918.0
74,2021-03-04,1032171.0,276891.0,21625.0,1979929.0,704368.0,66375.0,9860209.0,1494910.0,1087313.0,246194.0,1039783.0,207421.0,16578.0,5314200.0,2187289.0,56131.0,411264.0,428196.0,3107699.0,603339.0,1697536.0,773314.0,661143.0,1117369.0,7262104.0,1139071.0,334528.0,12111.0,1497538.0,1941018.0,2476796.0,1512877.0,685610.0,1458439.0,301007.0,513497.0,750160.0,349825.0,2325257.0,743904.0,4730809.0,2661523.0,246289.0,19580.0,2850454.0,1181414.0,1073041.0,3036398.0,595224.0,8185.0,290963.0,1202753.0,294765.0,1492576.0,6379094.0,82572848.0,746392.0,175767.0,2476015.0,21615.0,2284452.0,1942877.0,553449.0,1596290.0,163194.0
75,2021-03-05,1064578.0,281467.0,21625.0,2038623.0,723756.0,70129.0,10071476.0,1528864.0,1121517.0,255036.0,1065268.0,211736.0,17098.0,5448653.0,2253011.0,56407.0,421996.0,442491.0,3204414.0,620761.0,1748623.0,801113.0,683046.0,1162694.0,7306425.0,1179138.0,382117.0,12592.0,1548380.0,2005708.0,2555112.0,1562547.0,710560.0,1504236.0,312296.0,535213.0,773285.0,358497.0,2403077.0,765965.0,4864621.0,2680413.0,255282.0,19905.0,2918114.0,1213040.0,1097974.0,3169691.0,596130.0,8185.0,300529.0,1232377.0,304382.0,1540428.0,6591175.0,85008094.0,796749.0,179580.0,2535768.0,22365.0,2342449.0,2001032.0,574473.0,1656753.0,166712.0
76,2021-03-06,1099697.0,288625.0,21625.0,2043739.0,744139.0,71759.0,10415023.0,1580162.0,1157114.0,264601.0,1094565.0,220634.0,17624.0,5688357.0,2308087.0,56477.0,434343.0,457434.0,3341021.0,642492.0,1800802.0,861247.0,707897.0,1209546.0,7349495.0,1179915.0,398509.0,13292.0,1606378.0,2082052.0,2637353.0,1627997.0,736826.0,1552157.0,324102.0,536126.0,800030.0,371111.0,2478696.0,801111.0,5042187.0,2760801.0,264133.0,20309.0,3027215.0,1246152.0,1137864.0,3298800.0,611567.0,8185.0,310283.0,1284575.0,314577.0,1580755.0,6829275.0,87912323.0,832435.0,184327.0,2597371.0,23014.0,2392680.0,2071467.0,594118.0,1721352.0,177496.0
77,2021-03-07,1110132.0,295046.0,21625.0,2162602.0,765260.0,72174.0,10634752.0,1626499.0,1195617.0,275467.0,1130833.0,225875.0,17745.0,5900450.0,2366573.0,56484.0,436036.0,471043.0,3473676.0,655254.0,1844669.0,906470.0,734335.0,1254160.0,7389102.0,1180945.0,399534.0,13742.0,1645609.0,2148356.0,2716893.0,1681447.0,764699.0,1600118.0,337005.0,556061.0,829262.0,382103.0,2534361.0,814029.0,5237597.0,2830672.0,272721.0,20396.0,3131288.0,1278427.0,1172840.0,3319263.0,628400.0,8185.0,319369.0,1347330.0,322959.0,1634598.0,6938167.0,90351750.0,833167.0,191529.0,2658215.0,23033.0,2445932.0,2143916.0,601440.0,1770069.0,178035.0
78,2021-03-08,1116676.0,298144.0,21625.0,2215219.0,773357.0,72174.0,10805474.0,1627458.0,1228865.0,280674.0,1141841.0,230110.0,17745.0,5904827.0,2391999.0,56587.0,452988.0,482273.0,3571808.0,665997.0,1879649.0,940050.0,742945.0,1283860.0,7405816.0,1277889.0,427445.0,13742.0,1671778.0,2199086.0,2765577.0,1725656.0,776272.0,1633864.0,341554.0,573413.0,855890.0,385485.0,2571874.0,833881.0,5416301.0,2881950.0,275989.0,20396.0,3203772.0,1300639.0,1199682.0,3335592.0,633344.0,8185.0,326730.0,1380510.0,326272.0,1659254.0,7071506.0,92089852.0,833714.0,198741.0,2708426.0,23053.0,2486429.0,2213284.0,602407.0,1804918.0,185580.0
79,2021-03-09,1140984.0,302687.0,21625.0,2245854.0,782750.0,72539.0,10925581.0,1650716.0,1245687.0,285101.0,1320734.0,232666.0,18133.0,5961421.0,2406206.0,58396.0,464100.0,489220.0,3601065.0,669504.0,1892845.0,952377.0,751652.0,1293847.0,7419240.0,1286353.0,432219.0,14523.0,1715039.0,2226167.0,2787289.0,1746992.0,780649.0,1647096.0,343597.0,594293.0,864967.0,393931.0,2639438.0,839018.0,5525344.0,2909142.0,277845.0,20708.0,3255735.0,1307274.0,1221981.0,3524263.0,635352.0,8185.0,333607.0,1397362.0,326763.0,1667642.0,7299866.0,93692598.0,880032.0,203900.0,2718748.0,23752.0,2553714.0,2255182.0,606345.0,1812456.0,185813.0
80,2021-03-10,1173820.0,307769.0,23696.0,2293559.0,799184.0,73254.0,11062505.0,1694476.0,1272581.0,285262.0,1343861.0,238189.0,18423.0,6070173.0,2408998.0,60379.0,475859.0,497534.0,3672596.0,684185.0,1934412.0,969877.0,769636.0,1318808.0,7445798.0,1309279.0,441443.0,14987.0,1761081.0,2313916.0,2831319.0,1771967.0,801306.0,1685362.0,349631.0,607373.0,878645.0,405366.0,2714949.0,840633.0,5691711.0,2979031.0,280757.0,21022.0,3316480.0,1334818.0,1238835.0,3638014.0,674636.0,8586.0,340997.0,1423016.0,332059.0,1711512.0,7529655.0,95721290.0,903099.0,207110.0,2775356.0,24615.0,2616782.0,2303420.0,611113.0,1839822.0,190180.0
81,2021-03-11,1209802.0,313365.0,23696.0,2350374.0,800091.0,76224.0,11220508.0,1764066.0,1304302.0,299695.0,1374234.0,244060.0,18689.0,6332072.0,2483900.0,62062.0,489283.0,507965.0,3777731.0,697130.0,1979075.0,999390.0,796242.0,1357068.0,7473597.0,1340630.0,442593.0,15516.0,1812309.0,2376322.0,2899309.0,1823592.0,823604.0,1724580.0,359446.0,629765.0,904504.0,418658.0,2834934.0,867690.0,5840907.0,3048105.0,286495.0,21323.0,3391091.0,1364914.0,1239800.0,3737143.0,675568.0,8902.0,350979.0,1461672.0,339564.0,1757433.0,7730664.0,98203893.0,903758.0,212062.0,2844311.0,25361.0,2685399.0,2381471.0,626149.0,1881901.0,190570.0
82,2021-03-12,1249205.0,318526.0,23696.0,2418267.0,836608.0,78795.0,11428034.0,1817050.0,1345350.0,307982.0,1403967.0,250090.0,19086.0,6613352.0,2598432.0,63697.0,503482.0,522505.0,3925271.0,715356.0,2030306.0,1034296.0,847260.0,1401175.0,7499822.0,1379998.0,476530.0,15896.0,1859444.0,2443419.0,2983009.0,1874674.0,824528.0,1759789.0,370463.0,653385.0,930754.0,431296.0,2916801.0,895586.0,5999720.0,3165928.0,297605.0,21638.0,3494036.0,1398278.0,1271685.0,3759104.0,698082.0,9193.0,359501.0,1493376.0,349016.0,1812050.0,8005490.0,101128005.0,945378.0,217495.0,2917334.0,26202.0,2753938.0,2441777.0,651835.0,1944768.0,199232.0
83,2021-03-13,1288242.0,324271.0,23696.0,2484603.0,882630.0,80683.0,11881857.0,1878538.0,1411525.0,317790.0,1439663.0,256529.0,19580.0,7007792.0,2681373.0,65382.0,517061.0,536191.0,4197357.0,733344.0,2127154.0,1114523.0,850639.0,1492234.0,7538985.0,1464259.0,477511.0,16007.0,1922161.0,2561749.0,3076878.0,2000813.0,896984.0,1867231.0,383241.0,666329.0,958706.0,450103.0,3011319.0,913253.0,6295058.0,3391675.0,308699.0,22034.0,3624261.0,1435464.0,1334042.0,4093668.0,748875.0,9694.0,367414.0,1583500.0,360667.0,1865861.0,8261238.0,105703501.0,977728.0,231610.0,3065623.0,27189.0,2827745.0,2501778.0,679347.0,2071836.0,206091.0
84,2021-03-14,1298612.0,333357.0,23696.0,2557630.0,882630.0,80683.0,11883375.0,1878639.0,1411532.0,317790.0,1439663.0,264499.0,19796.0,7108286.0,2754347.0,66513.0,528035.0,550174.0,4197470.0,746005.0,2127229.0,1114556.0,900500.0,1496894.0,7547477.0,1464377.0,510397.0,16007.0,1961982.0,2561749.0,3166094.0,2000939.0,896984.0,1867231.0,395770.0,666417.0,989342.0,460696.0,3065373.0,942171.0,6295058.0,3414474.0,317029.0,22134.0,3732147.0,1465197.0,1366471.0,4191298.0,748875.0,9694.0,374193.0,1583500.0,373065.0,1921346.0,8421946.0,107060274.0,1007495.0,231610.0,3065999.0,27210.0,2892286.0,2562529.0,684336.0,2072866.0,211910.0
85,2021-03-15,1306419.0,337141.0,24300.0,2605621.0,892588.0,80683.0,12306608.0,1933717.0,1442439.0,333896.0,1495339.0,271191.0,19841.0,7116355.0,2790084.0,66607.0,538235.0,559659.0,4297923.0,757075.0,2160312.0,1145079.0,909577.0,1532494.0,7559194.0,1484459.0,523269.0,16007.0,1991188.0,2620671.0,3170085.0,2037382.0,904066.0,1897083.0,398858.0,684831.0,1013805.0,465226.0,3112960.0,952566.0,6443462.0,3480495.0,321677.0,22134.0,3819317.0,1483295.0,1387803.0,4283453.0,748982.0,9694.0,388420.0,1618854.0,378505.0,1952377.0,8547673.0,109081860.0,1008582.0,239136.0,3146184.0,27261.0,2951945.0,2626048.0,686081.0,2107896.0,212499.0
86,2021-03-16,1332298.0,339647.0,24300.0,2655283.0,897059.0,81035.0,12686451.0,1948333.0,1460334.0,338429.0,1506702.0,274424.0,20450.0,7197889.0,2810272.0,67081.0,546123.0,566079.0,4379055.0,768056.0,2170644.0,1155003.0,917107.0,1547563.0,7569120.0,1494482.0,528109.0,16100.0,2033434.0,2633498.0,3245598.0,2046151.0,906140.0,1907859.0,401716.0,697176.0,1020137.0,471480.0,3174729.0,970496.0,6571852.0,3564207.0,321693.0,22604.0,3862956.0,1488390.0,1412282.0,4340831.0,764943.0,10197.0,396843.0,1627125.0,379911.0,1960657.0,8660886.0,110737856.0,1030630.0,243777.0,3160693.0,28115.0,2987320.0,2665688.0,689649.0,2130926.0,213969.0
87,2021-03-17,1363987.0,345987.0,24300.0,2697523.0,912660.0,81950.0,13161027.0,1987533.0,1483587.0,346179.0,1531345.0,281538.0,20882.0,7332554.0,2814158.0,68451.0,559118.0,566777.0,4469795.0,781325.0,2206988.0,1155384.0,931281.0,1582305.0,7585936.0,1519050.0,528359.0,17112.0,2082976.0,2710203.0,3310710.0,2080648.0,921413.0,1939762.0,406867.0,712099.0,1034347.0,478758.0,3254946.0,983709.0,6700442.0,3630467.0,325202.0,22934.0,3928456.0,1519597.0,1414113.0,4491125.0,788188.0,10726.0,403044.0,1649023.0,384987.0,2007555.0,8850377.0,113037627.0,1052347.0,246663.0,3211090.0,29233.0,3027633.0,2705839.0,695358.0,2160948.0,214015.0
88,2021-03-18,1390066.0,351093.0,24300.0,2755436.0,929862.0,84200.0,13563094.0,2029213.0,1514945.0,354571.0,1562724.0,285546.0,20882.0,7522691.0,2906563.0,70056.0,572716.0,586497.0,4584510.0,799030.0,2252443.0,1182560.0,959395.0,1619517.0,7614153.0,1519659.0,528977.0,17112.0,2130973.0,2773542.0,3396328.0,2119439.0,940902.0,1989274.0,414258.0,731885.0,1062287.0,489626.0,3346883.0,1004050.0,6853499.0,3724856.0,330516.0,23266.0,4018634.0,1551665.0,1433105.0,4591687.0,814157.0,10962.0,411715.0,1686210.0,392994.0,2054500.0,9055037.0,115730008.0,1069752.0,252439.0,3272006.0,30128.0,3091883.0,2763105.0,709770.0,2210128.0,214050.0
89,2021-03-19,1426696.0,356055.0,24300.0,2760907.0,952919.0,86342.0,13882984.0,2080284.0,1551481.0,362023.0,1593498.0,291022.0,21624.0,7684142.0,2910835.0,71940.0,587465.0,603043.0,4683361.0,814515.0,2304432.0,1225964.0,997844.0,1668125.0,7630706.0,1587368.0,557469.0,17112.0,2190923.0,2837941.0,3484418.0,2180483.0,948679.0,2033873.0,422946.0,754880.0,1086559.0,500911.0,3431096.0,1031202.0,7004762.0,3813176.0,340554.0,23700.0,4124492.0,1585046.0,1483419.0,4612975.0,839948.0,11500.0,425397.0,1723604.0,403411.0,2093850.0,9237352.0,118313818.0,1070231.0,259165.0,3333181.0,31142.0,3165336.0,2823446.0,732433.0,2271149.0,220735.0
90,2021-03-20,1460782.0,362698.0,24300.0,2825939.0,974973.0,88006.0,14276125.0,2188145.0,1586484.0,372165.0,1630049.0,296647.0,22129.0,7977789.0,3113334.0,72069.0,599643.0,622341.0,4826260.0,827880.0,2360942.0,1265775.0,1035916.0,1713059.0,7648211.0,1629437.0,557814.0,18039.0,2194556.0,2909219.0,3589255.0,2244149.0,972123.0,2087816.0,433315.0,755802.0,1116221.0,514422.0,3514899.0,1060171.0,7185757.0,3903284.0,350706.0,24203.0,4240062.0,1616226.0,1523965.0,4637450.0,863265.0,11804.0,440476.0,1745511.0,414458.0,2141857.0,9428516.0,121441497.0,1070976.0,266120.0,3391329.0,32072.0,3243652.0,2889480.0,756418.0,2343615.0,220993.0
91,2021-03-21,1472666.0,372435.0,24300.0,2893024.0,999488.0,88862.0,14708175.0,2250372.0,1623090.0,382342.0,1673652.0,302692.0,22217.0,8186888.0,3207887.0,72090.0,610517.0,639606.0,4960792.0,845754.0,2406866.0,1302395.0,1072867.0,1762745.0,7662913.0,1664443.0,558351.0,18873.0,2287975.0,2972826.0,3681378.0,2306429.0,996498.0,2143727.0,443030.0,775509.0,1145354.0,529948.0,3581686.0,1085158.0,7371644.0,4002867.0,357236.0,24795.0,4364513.0,1652639.0,1560983.0,4639971.0,886400.0,11804.0,454586.0,1793297.0,424806.0,2198555.0,9611867.0,124481412.0,1137351.0,274187.0,3450713.0,32170.0,3309153.0,2972560.0,763619.0,2422908.0,221336.0
92,2021-03-22,1479271.0,375590.0,27015.0,2942907.0,1008575.0,89052.0,15050673.0,2276660.0,1658338.0,389157.0,1679133.0,306996.0,22255.0,8191294.0,3280952.0,73973.0,614208.0,650437.0,5051382.0,857036.0,2437519.0,1324891.0,1081274.0,1797605.0,7671197.0,1688633.0,595845.0,18873.0,2320073.0,3032996.0,3747788.0,2340900.0,1002292.0,2174546.0,447675.0,797409.0,1164939.0,537577.0,3635504.0,1098197.0,7522949.0,4064069.0,360501.0,24895.0,4447020.0,1674556.0,1584449.0,4748613.0,896153.0,11844.0,469205.0,1834965.0,428076.0,2231739.0,9734465.0,126509736.0,1137511.0,277420.0,3502931.0,32191.0,3360330.0,3045597.0,764903.0,2462081.0,221452.0
93,2021-03-23,1509445.0,376555.0,27263.0,2970577.0,1012415.0,89232.0,15349039.0,2310425.0,1676905.0,389157.0,1682536.0,309362.0,22488.0,8250717.0,3281102.0,75724.0,621720.0,656932.0,5096694.0,860107.0,2447336.0,1333747.0,1088988.0,1813786.0,7675790.0,1695779.0,599693.0,18873.0,2357211.0,3066115.0,3776838.0,2353672.0,1004562.0,2192811.0,447693.0,804643.0,1170434.0,545500.0,3636384.0,1101603.0,7695283.0,4092184.0,360592.0,25206.0,4499814.0,1682725.0,1606844.0,5150999.0,902839.0,12247.0,480045.0,1848117.0,429022.0,2246032.0,9845182.0,128217029.0,1155841.0,283052.0,3512264.0,33239.0,3389780.0,3068976.0,769358.0,2480311.0,235171.0
94,2021-03-24,1542416.0,379296.0,27837.0,3010048.0,1032499.0,90341.0,15691888.0,2344091.0,1701298.0,397204.0,1694545.0,313341.0,22767.0,8396727.0,3362513.0,77636.0,632086.0,666389.0,5177472.0,876022.0,2488889.0,1346156.0,1115858.0,1838590.0,7683903.0,1725080.0,599839.0,19083.0,2409705.0,3131419.0,3841144.0,2380640.0,1025205.0,2229686.0,455003.0,818325.0,1185896.0,554889.0,3781744.0,1111612.0,7836940.0,4167233.0,363148.0,25607.0,4582163.0,1717541.0,1626721.0,5290020.0,920753.0,12644.0,488045.0,1889498.0,436290.0,2297569.0,9841589.0,130473853.0,1178663.0,286384.0,3558131.0,34472.0,3469776.0,3108315.0,777941.0,2516425.0,235424.0
95,2021-03-25,1579091.0,384503.0,27864.0,3106598.0,1056307.0,95200.0,16062266.0,2388899.0,1737160.0,406635.0,1712296.0,320173.0,23026.0,8603007.0,3434860.0,79350.0,642642.0,678747.0,5287852.0,886247.0,2540707.0,1369302.0,1140488.0,1876610.0,7690646.0,1756494.0,620556.0,19343.0,2464830.0,3196050.0,3914742.0,2417606.0,1049528.0,2276318.0,463857.0,836012.0,1214518.0,566168.0,3869393.0,1135178.0,7986362.0,4240056.0,369029.0,26016.0,4679419.0,1753658.0,1657083.0,5325139.0,952499.0,13277.0,497475.0,1926363.0,445142.0,2353612.0,10133617.0,133305295.0,1213732.0,290680.0,3614889.0,35728.0,3529449.0,3170650.0,793552.0,2576727.0,242919.0
96,2021-03-26,1611404.0,389775.0,28503.0,3169061.0,1086176.0,98916.0,16527440.0,2443350.0,1774045.0,417566.0,1785851.0,327007.0,23460.0,8811431.0,3530980.0,81396.0,659606.0,694887.0,5412272.0,903716.0,2598661.0,1402543.0,1170671.0,1924602.0,7699428.0,1793002.0,639773.0,19871.0,2532593.0,3270796.0,4006900.0,2479001.0,1050114.0,2317440.0,475058.0,857343.0,1243965.0,574612.0,3958836.0,1162064.0,8194278.0,4343898.0,379564.0,26450.0,4805634.0,1790349.0,1694736.0,5516639.0,981193.0,13334.0,507094.0,1969766.0,457075.0,2416556.0,10420919.0,136684688.0,1214131.0,296682.0,3673631.0,36668.0,3615169.0,3251437.0,819288.0,2654772.0,243336.0
97,2021-03-27,1645858.0,395650.0,28527.0,3239538.0,1114449.0,101156.0,16944916.0,2500874.0,1813854.0,428136.0,1827620.0,334783.0,23778.0,9028641.0,3621196.0,81649.0,660902.0,710876.0,5542211.0,919115.0,2655132.0,1445223.0,1217475.0,1976294.0,7707857.0,1838055.0,656607.0,19871.0,2594534.0,3345239.0,4114426.0,2557970.0,1092577.0,2371541.0,487221.0,858106.0,1274357.0,586018.0,4053945.0,1191220.0,8435639.0,4456503.0,390760.0,26987.0,4946129.0,1827618.0,1737553.0,5670930.0,1015714.0,13334.0,515234.0,2017582.0,471664.0,2477807.0,10700661.0,140180735.0,1275570.0,303242.0,3735856.0,37770.0,3668360.0,3330877.0,846624.0,2736745.0,243604.0
98,2021-03-28,1659102.0,401502.0,28527.0,3308671.0,1143893.0,101784.0,17335016.0,2569087.0,1854289.0,438768.0,1873990.0,344954.0,23908.0,9271008.0,3711950.0,83164.0,662115.0,728042.0,5682011.0,940544.0,2700392.0,1488820.0,1249912.0,2019234.0,7715923.0,1882190.0,673445.0,20014.0,2648201.0,3424253.0,4214787.0,2632176.0,1094028.0,2430704.0,499029.0,881787.0,1303006.0,598445.0,4142916.0,1224826.0,8654504.0,4549839.0,397822.0,27446.0,5074719.0,1869610.0,1772914.0,5795550.0,1044040.0,13381.0,526086.0,2066478.0,482516.0,2545370.0,10941968.0,143462691.0,1276128.0,310003.0,3798767.0,38221.0,3778349.0,3419568.0,856921.0,2808953.0,244038.0
99,2021-03-29,1666585.0,403284.0,28527.0,3363062.0,1153739.0,101786.0,17703550.0,2602792.0,1891603.0,447568.0,1886141.0,353718.0,24114.0,9276711.0,3764344.0,84899.0,685464.0,736941.0,5793846.0,945805.0,2734813.0,1514487.0,1261951.0,2058753.0,7718036.0,1911134.0,683925.0,20342.0,2681526.0,3495331.0,4295979.0,2665779.0,1134229.0,2464910.0,502390.0,900049.0,1328018.0,602562.0,4204062.0,1239316.0,8862843.0,4596429.0,401626.0,27787.0,5168120.0,1888004.0,1802561.0,5893502.0,1055993.0,13381.0,538434.0,2109171.0,488046.0,2582046.0,11130215.0,145812835.0,1276193.0,316145.0,3854450.0,38261.0,3867013.0,3501641.0,857701.0,2853949.0,261950.0
100,2021-03-30,1697641.0,404339.0,29079.0,3399399.0,1159108.0,101891.0,17922091.0,2645306.0,1924605.0,453447.0,1895711.0,359065.0,24538.0,9405368.0,3786303.0,85003.0,692706.0,740943.0,5843688.0,948459.0,2744163.0,1525091.0,1269292.0,2074948.0,7719964.0,1920242.0,687989.0,20342.0,2736823.0,3535818.0,4329057.0,2702080.0,1137212.0,2481467.0,504919.0,916701.0,1335002.0,607126.0,4292515.0,1242292.0,9023541.0,4609430.0,410932.0,28165.0,5219217.0,1895546.0,1821492.0,5947782.0,1062627.0,13381.0,552753.0,2124443.0,489525.0,2596336.0,11357324.0,147602345.0,1327257.0,323388.0,3861303.0,39516.0,3977862.0,3537203.0,866037.0,2870834.0,261963.0
101,2021-03-31,1728736.0,407233.0,31167.0,3451567.0,1183295.0,102091.0,18223412.0,2691248.0,1954259.0,463476.0,1926592.0,374297.0,24992.0,9563326.0,3855859.0,87540.0,705568.0,752364.0,5932882.0,964050.0,2787166.0,1539664.0,1290992.0,2100387.0,7726500.0,1963625.0,697663.0,20512.0,2809466.0,3611067.0,4419793.0,2751928.0,1158505.0,2524827.0,522897.0,940837.0,1348526.0,614984.0,4381035.0,1258002.0,9261975.0,4691515.0,413386.0,28566.0,5295592.0,1930169.0,1854126.0,6056762.0,1088065.0,13381.0,559186.0,2150462.0,496601.0,2655309.0,11604088.0,150273292.0,1327487.0,328451.0,3910012.0,40979.0,4056991.0,3586736.0,874459.0,2905410.0,262406.0
102,2021-04-01,1771979.0,411529.0,31167.0,3512579.0,1209965.0,107497.0,18604164.0,2746030.0,1992899.0,473912.0,1960861.0,381345.0,25176.0,9781739.0,3950645.0,88590.0,717790.0,766703.0,6073419.0,980337.0,2840511.0,1567904.0,1311354.0,2142945.0,7731353.0,2003199.0,715036.0,20689.0,2882170.0,3685186.0,4514072.0,2800651.0,1160150.0,2576981.0,534273.0,966534.0,1374197.0,707655.0,4523995.0,1281047.0,9393484.0,4781372.0,419484.0,28918.0,5400664.0,1975056.0,1893672.0,6201769.0,1114680.0,13381.0,566515.0,2191473.0,505081.0,2725411.0,11950969.0,153631404.0,1380946.0,333676.0,3965897.0,42298.0,4140842.0,3659886.0,896388.0,2969294.0,270226.0
103,2021-04-02,1813462.0,415690.0,31761.0,3581448.0,1244076.0,110979.0,18985902.0,2803981.0,2035542.0,485988.0,1993503.0,388617.0,25176.0,9988150.0,4055515.0,90114.0,732136.0,782576.0,6192219.0,995251.0,2903944.0,1605295.0,1367364.0,2192380.0,7735342.0,2047718.0,735876.0,20923.0,2961306.0,3771380.0,4619345.0,2867187.0,1189395.0,2668283.0,545186.0,991673.0,1399135.0,721042.0,4655258.0,1312410.0,9914326.0,4862483.0,433534.0,28918.0,5531731.0,2021155.0,1941147.0,6384592.0,1148177.0,13429.0,583711.0,2243230.0,515412.0,2789616.0,12318117.0,157606463.0,1381245.0,341568.0,4020905.0,43323.0,4252753.0,3745391.0,925146.0,3049407.0,270599.0
104,2021-04-03,1847243.0,420238.0,31761.0,3653578.0,1305535.0,111766.0,19449615.0,2878136.0,2092230.0,498720.0,2037354.0,396885.0,25404.0,10204039.0,4150770.0,91630.0,742277.0,799887.0,6340870.0,1008639.0,2972415.0,1687691.0,1408174.0,2252894.0,7738792.0,2093895.0,756766.0,21328.0,3043682.0,3868668.0,4749818.0,2955945.0,1216256.0,2745801.0,557322.0,992251.0,1431817.0,764940.0,4766910.0,1342108.0,10281033.0,5008165.0,445669.0,29434.0,5689737.0,2069319.0,1988473.0,6551136.0,1167735.0,13429.0,596183.0,2244467.0,529897.0,2863871.0,12565129.0,161688422.0,1466038.0,360030.0,4077400.0,43825.0,4375147.0,3834378.0,943140.0,3140168.0,270862.0
105,2021-04-04,1858833.0,428556.0,31775.0,3720230.0,1306811.0,112202.0,19962420.0,2954206.0,2138503.0,508590.0,2082199.0,403560.0,25404.0,10565844.0,4153506.0,91702.0,757630.0,817221.0,6488477.0,1025958.0,3016801.0,1688053.0,1446575.0,2300753.0,7742126.0,2116985.0,778195.0,21785.0,3103045.0,3968332.0,4848250.0,3028798.0,1240970.0,2807214.0,569766.0,1009786.0,1462114.0,774277.0,4855447.0,1365434.0,10519517.0,5057979.0,449089.0,29797.0,5820854.0,2107328.0,2034002.0,6670089.0,1171342.0,13429.0,611301.0,2305396.0,539915.0,2905011.0,12808243.0,165053746.0,1466600.0,360745.0,4131688.0,43826.0,4485753.0,3928519.0,946710.0,3208168.0,286685.0
106,2021-04-05,1864857.0,431436.0,31775.0,3772436.0,1316063.0,112202.0,20309146.0,2979697.0,2178710.0,516432.0,2093049.0,407352.0,25679.0,10567292.0,4236864.0,91896.0,763772.0,826653.0,6592898.0,1027727.0,3048583.0,1706823.0,1456012.0,2327458.0,7743373.0,2131488.0,795748.0,21785.0,3126025.0,4041785.0,4912079.0,3073562.0,1241033.0,2853511.0,573480.0,1024342.0,1482433.0,796674.0,4909547.0,1374022.0,10640003.0,5099793.0,450780.0,29797.0,5901310.0,2122756.0,2066694.0,6756869.0,1178233.0,13429.0,626561.0,2328710.0,543431.0,2928922.0,13065244.0,167187795.0,1498784.0,370232.0,4158970.0,43826.0,4538309.0,4015071.0,946918.0,3250426.0,286966.0
107,2021-04-06,1896920.0,432690.0,31775.0,3809075.0,1325141.0,112317.0,20485651.0,3017904.0,2186180.0,519065.0,2100674.0,412388.0,25985.0,10645680.0,4281437.0,91958.0,770879.0,828816.0,6627939.0,1031205.0,3057121.0,1716227.0,1460582.0,2333781.0,7748620.0,2134372.0,798203.0,21952.0,3174405.0,4079774.0,4937557.0,3084723.0,1248545.0,2861032.0,575293.0,1036053.0,1487176.0,800922.0,4979819.0,1377054.0,10761342.0,5118480.0,452933.0,30277.0,5943655.0,2128826.0,2089274.0,6802632.0,1182856.0,13435.0,641275.0,2341969.0,544206.0,2934834.0,13297711.0,168592075.0,1518590.0,376259.0,4182635.0,44979.0,4591413.0,4041494.0,952022.0,3259060.0,288270.0
108,2021-04-07,1935221.0,436681.0,32856.0,3855073.0,1351223.0,113400.0,20865892.0,3079255.0,2227005.0,528053.0,2127971.0,413125.0,26481.0,10806283.0,4463237.0,95485.0,784219.0,842030.0,6725817.0,1042543.0,3099903.0,1732177.0,1496038.0,2368560.0,7751004.0,2161015.0,809459.0,22127.0,3251010.0,4161913.0,5013346.0,3135211.0,1267121.0,2904295.0,584386.0,1055469.0,1505143.0,829371.0,5094041.0,1384192.0,11027009.0,5195228.0,456435.0,30744.0,6028725.0,2163825.0,2123427.0,6819136.0,1205841.0,13435.0,648811.0,2381960.0,550434.0,2988934.0,13533392.0,171476655.0,1543590.0,379673.0,4226738.0,46399.0,4666333.0,4096497.0,959003.0,3294426.0,288586.0
109,2021-04-08,1976344.0,443287.0,32904.0,3901177.0,1379591.0,119665.0,21243518.0,3129702.0,2279517.0,536623.0,2167093.0,426808.0,26726.0,11101262.0,4541621.0,97187.0,798942.0,855028.0,6860904.0,1055456.0,3158259.0,1765354.0,1523795.0,2414960.0,7754456.0,2199349.0,829113.0,22507.0,3330227.0,4252091.0,5112551.0,3187097.0,1289701.0,2970903.0,596472.0,1076467.0,1536848.0,858460.0,5226827.0,1417243.0,11243192.0,5292280.0,462999.0,31237.0,6157849.0,2198505.0,2160491.0,6842553.0,1225223.0,13755.0,658852.0,2491219.0,560263.0,3058344.0,13825974.0,174879716.0,1573343.0,385034.0,4254796.0,48176.0,4744344.0,4169906.0,974007.0,3367885.0,288814.0
110,2021-04-09,2021334.0,448337.0,33545.0,3975606.0,1405741.0,123092.0,21725654.0,3184749.0,2340942.0,549853.0,2202664.0,434907.0,26726.0,11367878.0,4660059.0,99042.0,816481.0,873222.0,7017850.0,1069111.0,3229355.0,1807025.0,1558508.0,2471143.0,7759386.0,2239421.0,856186.0,22507.0,3414598.0,4345857.0,5223390.0,3260958.0,1312516.0,3020648.0,609984.0,1107623.0,1576189.0,889074.0,5351413.0,1448347.0,11519440.0,5402133.0,474619.0,31654.0,6308301.0,2235462.0,2211938.0,6920672.0,1243126.0,14045.0,667244.0,2539519.0,571138.0,3122632.0,14219706.0,178837781.0,1614798.0,394597.0,4294334.0,49329.0,4849229.0,4256546.0,995174.0,3461130.0,289028.0
111,2021-04-10,2065327.0,455719.0,33545.0,4054007.0,1440169.0,125929.0,22281619.0,3266193.0,2391842.0,561531.0,2251636.0,445289.0,27360.0,11639845.0,4664737.0,99244.0,817817.0,889862.0,7185009.0,1082899.0,3301186.0,1854009.0,1600435.0,2525215.0,7764006.0,2279467.0,883051.0,23003.0,3513930.0,4461283.0,5372960.0,3312268.0,1337659.0,3083405.0,622560.0,1108135.0,1615552.0,922666.0,5495689.0,1477908.0,11811282.0,5527176.0,484807.0,32229.0,6459111.0,2273840.0,2266230.0,7457814.0,1276169.0,14045.0,680525.0,2591420.0,584224.0,3189476.0,14685955.0,183467709.0,1662200.0,406472.0,4357680.0,50238.0,4960277.0,4343950.0,1016392.0,3558061.0,289340.0
112,2021-04-11,2082605.0,461286.0,34165.0,4125010.0,1469291.0,126905.0,22754163.0,3336248.0,2451693.0,576112.0,2309348.0,454034.0,27360.0,11912259.0,4667495.0,100199.0,834817.0,909981.0,7363280.0,1091286.0,3361921.0,1905355.0,1639400.0,2571972.0,7766002.0,2317149.0,884479.0,23156.0,3581978.0,4569777.0,5496030.0,3402218.0,1363366.0,3146868.0,635147.0,1130671.0,1652963.0,958018.0,5590502.0,1502885.0,12062900.0,5640827.0,491433.0,32894.0,6460600.0,2312369.0,2321846.0,7559762.0,1311597.0,14533.0,696609.0,2653698.0,594431.0,3255070.0,14959669.0,187047131.0,1662712.0,416718.0,4407399.0,50432.0,5071677.0,4435641.0,1024839.0,3652477.0,310702.0
113,2021-04-12,2092489.0,465250.0,34165.0,4168939.0,1478774.0,126933.0,23031055.0,3407618.0,2498626.0,582422.0,2327881.0,462553.0,27527.0,12083514.0,4668187.0,100274.0,853628.0,920374.0,7495849.0,1094904.0,3412179.0,1927000.0,1652045.0,2587355.0,7766645.0,2334618.0,886525.0,23233.0,3582804.0,4651716.0,5585259.0,3496194.0,1363558.0,3196092.0,639104.0,1145421.0,1684035.0,978713.0,5673369.0,1514221.0,12242726.0,5714763.0,496230.0,32894.0,6713753.0,2330078.0,2356196.0,7687290.0,1348411.0,14979.0,709383.0,2694436.0,597911.0,3286379.0,15151731.0,189692045.0,1663511.0,427958.0,4452371.0,50551.0,5124981.0,4526964.0,1025629.0,3710175.0,310765.0
114,2021-04-13,2127317.0,496015.0,34165.0,4203995.0,1484206.0,127070.0,23227199.0,3464019.0,2531669.0,587884.0,2343681.0,466580.0,27964.0,12188472.0,5084048.0,103334.0,864171.0,924998.0,7626668.0,1099623.0,3431284.0,1938454.0,1662790.0,2594073.0,7767308.0,2345503.0,981012.0,23445.0,3689020.0,4708134.0,5620259.0,3521437.0,1372977.0,3242310.0,641916.0,1185844.0,1692135.0,996633.0,5769561.0,1517182.0,12437468.0,5751479.0,496330.0,33329.0,6754921.0,2347654.0,2384336.0,7811291.0,1365025.0,15486.0,727371.0,2707762.0,599012.0,3299283.0,15343387.0,192282781.0,1726036.0,441375.0,4457229.0,51733.0,5184004.0,4578156.0,1030506.0,3726777.0,314169.0
115,2021-04-14,2168891.0,499742.0,34786.0,4250790.0,1508295.0,128487.0,23721226.0,3527781.0,2572005.0,599682.0,2378801.0,471911.0,28337.0,12302529.0,5061522.0,105497.0,881413.0,917256.0,7582133.0,1111526.0,3443028.0,1970222.0,1688602.0,2653617.0,7770764.0,2355526.0,947441.0,23445.0,3765018.0,4800301.0,5697977.0,3543372.0,1392708.0,3263224.0,643288.0,1208422.0,1709620.0,1008027.0,5874832.0,1530389.0,12633362.0,5844600.0,499005.0,33791.0,6847460.0,2356622.0,2415448.0,7936989.0,1391068.0,16012.0,733129.0,2734788.0,603930.0,3320761.0,15610120.0,194791836.0,1755776.0,440821.0,4497264.0,52972.0,5268328.0,4641399.0,1036782.0,3759176.0,317111.0
116,2021-04-15,2207392.0,499815.0,34786.0,4306602.0,1535135.0,128630.0,24242205.0,3583563.0,2612551.0,612195.0,2419476.0,481913.0,28337.0,12550868.0,5157520.0,107691.0,895171.0,929172.0,7723702.0,1124678.0,3509410.0,2001742.0,1720398.0,2704303.0,7771899.0,2394289.0,966930.0,23566.0,3837451.0,4895087.0,5805782.0,3597769.0,1410771.0,3310684.0,655446.0,1228445.0,1744896.0,1050144.0,5978301.0,1551199.0,12843875.0,5936385.0,504937.0,34303.0,6959193.0,2385570.0,2455797.0,8084439.0,1468663.0,16012.0,742268.0,2775374.0,611743.0,3382287.0,15897950.0,198317040.0,1784313.0,448151.0,4536437.0,54127.0,5345259.0,4712952.0,1046956.0,3807818.0,317222.0
117,2021-04-16,2245574.0,504860.0,35972.0,4366496.0,1561736.0,131681.0,25047682.0,3646570.0,2671509.0,625694.0,2453989.0,491109.0,28976.0,12767808.0,5262259.0,109194.0,911626.0,944361.0,7855924.0,1137200.0,3575816.0,2034594.0,1758086.0,2755582.0,7775182.0,2427942.0,987358.0,23826.0,3921579.0,4991916.0,5921344.0,3662022.0,1429671.0,3366674.0,666324.0,1256055.0,1774080.0,1075608.0,6076066.0,1578058.0,13064837.0,6043907.0,512370.0,34720.0,7080272.0,2415619.0,2501531.0,8249758.0,1502691.0,16544.0,755476.0,2819681.0,619857.0,3445369.0,16167944.0,202282923.0,1816866.0,456442.0,4573935.0,55048.0,5482281.0,4786678.0,1063008.0,3890347.0,323397.0
118,2021-04-17,2280686.0,509843.0,35972.0,4440592.0,1585770.0,132981.0,25569748.0,3714665.0,2720972.0,637222.0,2498249.0,500879.0,29412.0,13029551.0,5366914.0,111470.0,923883.0,959118.0,8027611.0,1150362.0,3634597.0,2070119.0,1790051.0,2802064.0,7777177.0,2460469.0,1006549.0,24248.0,3924960.0,5080279.0,6045853.0,3712223.0,1430205.0,3436756.0,677644.0,1256376.0,1803308.0,1088613.0,6188717.0,1606321.0,13277087.0,6148077.0,519718.0,35338.0,7226775.0,2444413.0,2549615.0,8391487.0,1530532.0,16544.0,764641.0,2866181.0,627721.0,3501468.0,16419173.0,205871913.0,1871042.0,456714.0,4612436.0,56128.0,5593318.0,4874563.0,1079184.0,3982152.0,323593.0
119,2021-04-18,2292276.0,515501.0,35972.0,4505745.0,1611803.0,133323.0,26092008.0,3790514.0,2770457.0,648557.0,2547655.0,511693.0,29412.0,13397449.0,5462269.0,111474.0,937276.0,974591.0,8189755.0,1160071.0,3685577.0,2102984.0,1815877.0,2849292.0,7779273.0,2489654.0,1007762.0,24248.0,4063087.0,5170513.0,6158414.0,3787015.0,1466965.0,3508767.0,678296.0,1267986.0,1834497.0,1099300.0,6269398.0,1627241.0,13531789.0,6244401.0,525541.0,36062.0,7339803.0,2474956.0,2595396.0,8517810.0,1561390.0,16544.0,776082.0,2908640.0,635646.0,3562769.0,16539082.0,209406814.0,1871243.0,474833.0,4650943.0,56290.0,5673591.0,4965443.0,1084345.0,4061288.0,323699.0
120,2021-04-19,2297563.0,517521.0,35972.0,4550226.0,1618371.0,133323.0,26435308.0,3846376.0,2808703.0,657111.0,2575228.0,521527.0,29846.0,13400013.0,5542994.0,113112.0,943082.0,981273.0,8306266.0,1161408.0,3713772.0,2125941.0,1827318.0,2868642.0,7780750.0,2507009.0,1035968.0,24673.0,4110450.0,5242290.0,6202312.0,3787907.0,1467335.0,3536035.0,691035.0,1280204.0,1856362.0,1102415.0,6340637.0,1640167.0,13676604.0,6300491.0,527870.0,36160.0,7417360.0,2500302.0,2628195.0,8591616.0,1575468.0,16544.0,787717.0,2947704.0,638869.0,3583674.0,16745114.0,211581309.0,1918236.0,482794.0,4678031.0,56324.0,5740358.0,5050192.0,1084664.0,4128223.0,323956.0
121,2021-04-20,2327764.0,519030.0,35972.0,4581441.0,1624969.0,133391.0,26689222.0,3890828.0,2834601.0,662401.0,2585082.0,525165.0,30250.0,13486553.0,5583537.0,114836.0,1075745.0,984868.0,8371979.0,1164071.0,3726846.0,2132028.0,1831938.0,2877497.0,7780967.0,2517042.0,1041650.0,24673.0,4166108.0,5293380.0,6234096.0,3850054.0,1473438.0,3545080.0,692839.0,1297175.0,1863377.0,1108521.0,6415408.0,1643816.0,13829745.0,6329443.0,527930.0,36551.0,7469175.0,2506422.0,2653785.0,8690848.0,1585232.0,16544.0,801289.0,2963058.0,639799.0,3597623.0,16870701.0,213388238.0,1918236.0,491770.0,4681572.0,57205.0,5807003.0,5087896.0,1090281.0,4145118.0,332765.0
122,2021-04-21,2360527.0,524758.0,36093.0,4631928.0,1645403.0,134268.0,27013516.0,3942162.0,2870146.0,672471.0,2613336.0,532219.0,30250.0,13652873.0,5655164.0,117134.0,1089152.0,994195.0,8455483.0,1174252.0,3764137.0,2149867.0,1850135.0,2900342.0,7782215.0,2540302.0,1048457.0,25007.0,4238913.0,5372992.0,6330276.0,3888651.0,1486937.0,3588783.0,697964.0,1307408.0,1879451.0,1113989.0,6510179.0,1656039.0,14003973.0,6396246.0,530830.0,36864.0,7556893.0,2525644.0,2680641.0,8871360.0,1614950.0,16948.0,807630.0,2984448.0,643744.0,3644333.0,17065670.0,215951909.0,1937305.0,496149.0,4709800.0,58041.0,5873177.0,5149883.0,1098127.0,4178933.0,332929.0
